{"cameraMode":{"drawMode":0,"name":"Shaded","section":"Shading Mode"},"sceneLighting":true,"audioPlay":false,"sceneViewState":{"showFog":true,"showMaterialUpdate":false,"showSkybox":true,"showFlares":true,"showImageEffects":true,"showParticleSystems":true},"in2DMode":false,"pivot":{"x":0.06205661594867706,"y":0.048678696155548099,"z":1.3931493759155274},"rotation":{"x":-0.07972437143325806,"y":-0.0038902468513697387,"z":0.0003110383404418826,"w":-0.9968093633651733},"size":0.7333652973175049,"orthographic":false}