{"cameraMode":{"drawMode":0,"name":"Shaded","section":"Shading Mode"},"sceneLighting":false,"audioPlay":false,"sceneViewState":{"showFog":true,"showMaterialUpdate":false,"showSkybox":true,"showFlares":true,"showImageEffects":true,"showParticleSystems":true},"in2DMode":false,"pivot":{"x":0.000009268522262573242,"y":-0.004999712109565735,"z":1.378932237625122},"rotation":{"x":0.11528641730546951,"y":0.06730394810438156,"z":-0.007829909212887288,"w":0.9910186529159546},"size":2.254014015197754,"orthographic":false}